name	type	units	low_cutoff	high_cutoff	notch	sampling_frequency	status	status_description	analysis_region
ch1	ECOG	n/a	n/a	n/a	n/a	1525.878906	good	keep for referencing	n/a
ch2	ECOG	n/a	n/a	n/a	n/a	1525.878906	good	keep for referencing	n/a
ch3	ECOG	n/a	n/a	n/a	n/a	1525.878906	good	keep for referencing	n/a
ch4	ECOG	n/a	n/a	n/a	n/a	1525.878906	good	keep for referencing	n/a
ch5	ECOG	n/a	n/a	n/a	n/a	1525.878906	good	keep for referencing	n/a
ch6	ECOG	n/a	n/a	n/a	n/a	1525.878906	good	keep for referencing	n/a
ch7	ECOG	n/a	n/a	n/a	n/a	1525.878906	good	keep for referencing	n/a
ch8	ECOG	n/a	n/a	n/a	n/a	1525.878906	good	keep for referencing	n/a
ch9	ECOG	n/a	n/a	n/a	n/a	1525.878906	good	keep for referencing	n/a
ch10	ECOG	n/a	n/a	n/a	n/a	1525.878906	good	keep for referencing	n/a
ch11	ECOG	n/a	n/a	n/a	n/a	1525.878906	good	keep for referencing	n/a
ch12	ECOG	n/a	n/a	n/a	n/a	1525.878906	good	keep for referencing	n/a
ch13	ECOG	n/a	n/a	n/a	n/a	1525.878906	good	keep for referencing	n/a
ch14	ECOG	n/a	n/a	n/a	n/a	1525.878906	good	keep for referencing	n/a
ch15	ECOG	n/a	n/a	n/a	n/a	1525.878906	good	keep for referencing	Middle_frontal_gyrus
ch16	ECOG	n/a	n/a	n/a	n/a	1525.878906	good	keep for referencing	n/a
ch17	ECOG	n/a	n/a	n/a	n/a	1525.878906	good	keep for referencing	n/a
ch18	ECOG	n/a	n/a	n/a	n/a	1525.878906	good	keep for referencing	n/a
ch19	ECOG	n/a	n/a	n/a	n/a	1525.878906	good	keep for referencing	n/a
ch20	ECOG	n/a	n/a	n/a	n/a	1525.878906	good	keep for referencing	n/a
ch21	ECOG	n/a	n/a	n/a	n/a	1525.878906	good	keep for referencing	n/a
ch22	ECOG	n/a	n/a	n/a	n/a	1525.878906	good	keep for referencing	n/a
ch23	ECOG	n/a	n/a	n/a	n/a	1525.878906	good	keep for referencing	Middle_frontal_gyrus
ch24	ECOG	n/a	n/a	n/a	n/a	1525.878906	good	keep for referencing	n/a
ch25	ECOG	n/a	n/a	n/a	n/a	1525.878906	good	keep for referencing	n/a
ch26	ECOG	n/a	n/a	n/a	n/a	1525.878906	good	keep for referencing	n/a
ch27	ECOG	n/a	n/a	n/a	n/a	1525.878906	good	keep for referencing	n/a
ch28	ECOG	n/a	n/a	n/a	n/a	1525.878906	good	keep for referencing	n/a
ch29	ECOG	n/a	n/a	n/a	n/a	1525.878906	good	keep for referencing	n/a
ch30	ECOG	n/a	n/a	n/a	n/a	1525.878906	good	keep for referencing	n/a
ch31	ECOG	n/a	n/a	n/a	n/a	1525.878906	good	keep for referencing	n/a
ch32	ECOG	n/a	n/a	n/a	n/a	1525.878906	good	keep for referencing	n/a
ch33	ECOG	n/a	n/a	n/a	n/a	1525.878906	good	keep for referencing	n/a
ch34	ECOG	n/a	n/a	n/a	n/a	1525.878906	good	keep for referencing	n/a
ch35	ECOG	n/a	n/a	n/a	n/a	1525.878906	good	keep for referencing	n/a
ch36	ECOG	n/a	n/a	n/a	n/a	1525.878906	good	keep for referencing	n/a
ch37	ECOG	n/a	n/a	n/a	n/a	1525.878906	good	keep for referencing	n/a
ch38	ECOG	n/a	n/a	n/a	n/a	1525.878906	good	keep for referencing	Precentral_gyrus
ch39	ECOG	n/a	n/a	n/a	n/a	1525.878906	good	keep for referencing	Precentral_gyrus
ch40	ECOG	n/a	n/a	n/a	n/a	1525.878906	good	keep for referencing	n/a
ch41	ECOG	n/a	n/a	n/a	n/a	1525.878906	good	keep for referencing	n/a
ch42	ECOG	n/a	n/a	n/a	n/a	1525.878906	good	keep for referencing	n/a
ch43	ECOG	n/a	n/a	n/a	n/a	1525.878906	good	keep for referencing	Supramarginal_gyrus
ch44	ECOG	n/a	n/a	n/a	n/a	1525.878906	good	keep for referencing	n/a
ch45	ECOG	n/a	n/a	n/a	n/a	1525.878906	good	keep for referencing	Postcentral_gyrus
ch46	ECOG	n/a	n/a	n/a	n/a	1525.878906	good	keep for referencing	Postcentral_gyrus
ch47	ECOG	n/a	n/a	n/a	n/a	1525.878906	good	keep for referencing	n/a
ch48	ECOG	n/a	n/a	n/a	n/a	1525.878906	good	keep for referencing	n/a
ch49	ECOG	n/a	n/a	n/a	n/a	1525.878906	good	keep for referencing	n/a
ch50	ECOG	n/a	n/a	n/a	n/a	1525.878906	good	keep for referencing	n/a
ch51	ECOG	n/a	n/a	n/a	n/a	1525.878906	good	keep for referencing	Supramarginal_gyrus
ch52	ECOG	n/a	n/a	n/a	n/a	1525.878906	good	keep for referencing	n/a
ch53	ECOG	n/a	n/a	n/a	n/a	1525.878906	good	keep for referencing	n/a
ch54	ECOG	n/a	n/a	n/a	n/a	1525.878906	good	keep for referencing	n/a
ch55	ECOG	n/a	n/a	n/a	n/a	1525.878906	good	keep for referencing	n/a
ch56	ECOG	n/a	n/a	n/a	n/a	1525.878906	good	keep for referencing	n/a
ch57	ECOG	n/a	n/a	n/a	n/a	1525.878906	good	keep for referencing	n/a
ch58	ECOG	n/a	n/a	n/a	n/a	1525.878906	good	keep for referencing	n/a
ch59	ECOG	n/a	n/a	n/a	n/a	1525.878906	good	keep for referencing	n/a
ch60	ECOG	n/a	n/a	n/a	n/a	1525.878906	good	keep for referencing	n/a
ch61	ECOG	n/a	n/a	n/a	n/a	1525.878906	good	keep for referencing	n/a
ch62	ECOG	n/a	n/a	n/a	n/a	1525.878906	good	keep for referencing	Superior_temporal_gyrus
ch63	ECOG	n/a	n/a	n/a	n/a	1525.878906	good	keep for referencing	Superior_temporal_gyrus
ch64	ECOG	n/a	n/a	n/a	n/a	1525.878906	good	keep for referencing	n/a
